"case_id","case_execution_id","outer_run","execution_rank","scenario","workload","method","method_family","comparison_track","seqqual_mode","auto_threads","threads_requested","threads_effective","bp_workers_requested","bp_workers","bp_workers_effective","total_threads_requested","total_threads","total_threads_effective","bp_backend","n_files","n_records","total_mb","iterations_planned","iterations_completed","status","error_message","min_s","median_s","mean_s","max_s","sd_s","sem_s","mad_s","p25_s","p75_s","iqr_s","cv_s","records_per_s","records_per_s_mean","mb_per_s","mb_per_s_mean"
24,"024_01",1,24,"multi","seqqual","BamScale (balanced budget)","BamScale","fair","compatible",FALSE,4,4,12,12,12,48,48,48,"snow",12,132482148,4203.37045669556,2,2,"ok",NA,267.579,270.8885,270.8885,274.198,4.68033978467418,3.3095000000003,4.90666470000044,269.23375,272.54325,3.3095000000003,0.0172777352478019,489065.23532745,489065.23532745,15.5169763821482,15.5169763821482
21,"021_01",1,21,"multi","seqqual","BamScale (balanced budget)","BamScale","fair","compatible",FALSE,6,6,8,8,8,48,48,48,"snow",12,132482148,4203.37045669556,2,2,"ok",NA,356.835000000001,361.7505,361.7505,366.665999999999,6.95156676584376,4.91549999999916,7.28772029999875,359.292750000001,364.20825,4.91549999999916,0.0192164676091498,366225.196647966,366225.196647966,11.6195290861949,11.6195290861949
18,"018_01",1,18,"multi","seqqual","BamScale (balanced budget)","BamScale","fair","compatible",FALSE,12,12,4,4,4,48,48,48,"snow",12,132482148,4203.37045669556,2,2,"ok",NA,402.012000000001,404.183000000001,404.183000000001,406.354000000001,3.07025764391238,2.17100000000028,3.21872460000041,403.097500000001,405.268500000001,2.17100000000028,0.00759620677740621,327777.635378033,327777.635378033,10.3996715762304,10.3996715762304
15,"015_01",1,15,"multi","seqqual","BamScale (balanced budget)","BamScale","fair","compatible",FALSE,24,24,2,2,2,48,48,48,"snow",12,132482148,4203.37045669556,2,2,"ok",NA,562.111000000001,573.752,573.752,585.393,16.4628600795847,11.6409999999996,17.2589465999994,567.931500000001,579.5725,11.6409999999996,0.0286933380268559,230904.899677909,230904.899677909,7.32611033459675,7.32611033459675
12,"012_01",1,12,"multi","seqqual","BamScale (balanced budget)","BamScale","fair","compatible",FALSE,48,48,1,1,1,48,48,48,"snow",12,132482148,4203.37045669556,2,2,"ok",NA,181.175,181.277,181.277,181.379,0.144249783362503,0.102000000000316,0.151225200000469,181.226,181.328,0.102000000000317,0.000795742335555549,730827.120925434,730827.120925434,23.187555270087,23.187555270087
14,"014_01",1,14,"multi","seqqual","Rsamtools::scanBam + BiocParallel","Rsamtools","fair","compatible",FALSE,1,1,1,1,1,1,1,1,"snow",12,132482148,4203.37045669556,2,2,"ok",NA,191.144,192.755,192.755,194.366,2.27829804898288,1.61099999999988,2.38846859999982,191.9495,193.5605,1.61099999999988,0.0118196573317573,687308.490052138,687308.490052138,21.806803749296,21.806803749296
17,"017_01",1,17,"multi","seqqual","Rsamtools::scanBam + BiocParallel","Rsamtools","fair","compatible",FALSE,1,1,2,2,2,2,2,2,"snow",12,132482148,4203.37045669556,2,2,"ok",NA,269.384,273.121,273.121,276.858,5.28491608258837,3.73700000000008,5.54047620000012,271.2525,274.9895,3.73700000000008,0.0193500905554255,485067.600074692,485067.600074692,15.3901401089464,15.3901401089464
20,"020_01",1,20,"multi","seqqual","Rsamtools::scanBam + BiocParallel","Rsamtools","fair","compatible",FALSE,1,1,4,4,4,4,4,4,"snow",12,132482148,4203.37045669556,2,2,"ok",NA,204.765000000001,211.171500000001,211.171500000001,217.578000000001,9.06015918734331,6.40650000000005,9.49827690000008,207.968250000001,214.374750000001,6.40650000000005,0.0429042706394719,627367.55670154,627367.55670154,19.9050082832936,19.9050082832936
23,"023_01",1,23,"multi","seqqual","Rsamtools::scanBam + BiocParallel","Rsamtools","fair","compatible",FALSE,1,1,8,8,8,8,8,8,"snow",12,132482148,4203.37045669556,2,2,"ok",NA,171.379000000001,172.944,172.944,174.509,2.21324422511333,1.5649999999996,2.32026899999941,172.161500000001,173.7265,1.5649999999996,0.0127974617512797,766040.729947264,766040.729947264,24.3048065078612,24.3048065078612
26,"026_01",1,26,"multi","seqqual","Rsamtools::scanBam + BiocParallel","Rsamtools","fair","compatible",FALSE,1,1,12,12,12,12,12,12,"snow",12,132482148,4203.37045669556,2,2,"ok",NA,133.83,134.667,134.667,135.504000000001,1.18369675170691,0.837000000000444,1.24093620000066,134.2485,135.085500000001,0.837000000000444,0.00878980560721561,983775.89164383,983775.89164383,31.2130696955865,31.2130696955865
25,"025_01",1,25,"multi","seqqual","BamScale (compact seqqual budget)","BamScale","optimized","compact",FALSE,4,4,12,12,12,48,48,48,"snow",12,132482148,4203.37045669556,2,2,"ok",NA,166.17,175.451,175.451,184.732,13.1253160723846,9.28099999999995,13.7600105999999,170.8105,180.0915,9.28099999999995,0.0748090126154004,755094.858393512,755094.858393512,23.9575178066557,23.9575178066557
22,"022_01",1,22,"multi","seqqual","BamScale (compact seqqual budget)","BamScale","optimized","compact",FALSE,6,6,8,8,8,48,48,48,"snow",12,132482148,4203.37045669556,2,2,"ok",NA,203.642999999998,210.290499999999,210.290499999999,216.938,9.40098465587649,6.64750000000094,9.8555835000014,206.966749999999,213.61425,6.64750000000095,0.0447047520257764,629995.877131875,629995.877131875,19.9883991749298,19.9883991749298
19,"019_01",1,19,"multi","seqqual","BamScale (compact seqqual budget)","BamScale","optimized","compact",FALSE,12,12,4,4,4,48,48,48,"snow",12,132482148,4203.37045669556,2,2,"ok",NA,236.286,241.5245,241.5245,246.762999999999,7.40835774649072,5.23849999999948,7.76660009999922,238.90525,244.143749999999,5.23849999999948,0.0306733178062297,548524.675550515,548524.675550515,17.4034951182823,17.4034951182823
16,"016_01",1,16,"multi","seqqual","BamScale (compact seqqual budget)","BamScale","optimized","compact",FALSE,24,24,2,2,2,48,48,48,"snow",12,132482148,4203.37045669556,2,2,"ok",NA,335.267,337.596,337.596,339.925,3.29370338676719,2.32900000000018,3.45297540000026,336.4315,338.7605,2.32900000000018,0.00975634600755693,392428.073792343,392428.073792343,12.4508893964844,12.4508893964844
13,"013_01",1,13,"multi","seqqual","BamScale (compact seqqual budget)","BamScale","optimized","compact",FALSE,48,48,1,1,1,48,48,48,"snow",12,132482148,4203.37045669556,2,2,"ok",NA,158.122,186.321,186.321,214.52,39.879408245359,28.1990000000001,41.8078374000001,172.2215,200.4205,28.1990000000001,0.214036035902335,711042.491184569,711042.491184569,22.5598319926125,22.5598319926125
1,"001_01",1,1,"single","seqqual","BamScale","BamScale","fair","compatible",FALSE,1,1,1,1,1,1,1,1,NA,1,16675372,548.338485717773,2,2,"ok",NA,35.614,35.683,35.683,35.752,0.097580735803687,0.06899999999996,0.102299399999941,35.6485,35.7175,0.06899999999996,0.00273465616130053,467319.788134406,467319.788134406,15.3669390386956,15.3669390386956
3,"003_01",1,3,"single","seqqual","BamScale","BamScale","fair","compatible",FALSE,4,4,1,1,1,4,4,4,NA,1,16675372,548.338485717773,2,2,"ok",NA,31.3929999999998,31.6779999999999,31.6779999999999,31.963,0.403050865276448,0.285000000000082,0.422541000000121,31.5354999999998,31.8204999999999,0.285000000000082,0.0127233684347639,526402.298124884,526402.298124884,17.3097571095958,17.3097571095958
5,"005_01",1,5,"single","seqqual","BamScale","BamScale","fair","compatible",FALSE,12,12,1,1,1,12,12,12,NA,1,16675372,548.338485717773,2,2,"ok",NA,26.903,27.62,27.62,28.337,1.01399112422149,0.716999999999984,1.06302419999998,27.2615,27.9785,0.716999999999985,0.0367122058009228,603742.650253439,603742.650253439,19.8529502432213,19.8529502432213
7,"007_01",1,7,"single","seqqual","BamScale","BamScale","fair","compatible",FALSE,24,24,1,1,1,24,24,24,NA,1,16675372,548.338485717773,2,2,"ok",NA,28.096,28.3390000000001,28.3390000000001,28.5820000000001,0.343653895656735,0.243000000000052,0.360271800000077,28.2175,28.4605000000001,0.243000000000052,0.0121265357160357,588424.856205228,588424.856205228,19.3492531746982,19.3492531746982
9,"009_01",1,9,"single","seqqual","BamScale","BamScale","fair","compatible",FALSE,48,48,1,1,1,48,48,48,NA,1,16675372,548.338485717773,2,2,"ok",NA,25.9839999999999,26.295,26.295,26.606,0.439820417898083,0.311000000000035,0.461088600000053,26.1394999999999,26.4505,0.311000000000035,0.0167263897280123,634165.126449896,634165.126449896,20.853336593184,20.853336593184
11,"011_01",1,11,"single","seqqual","Rsamtools::scanBam","Rsamtools","fair","compatible",FALSE,1,1,1,1,1,1,1,1,NA,1,16675372,548.338485717773,2,2,"ok",NA,24.0329999999999,24.3274999999999,24.3274999999999,24.6219999999998,0.416485894118835,0.294499999999971,0.436625699999957,24.1802499999999,24.4747499999999,0.294499999999971,0.0171199627630804,685453.581337996,685453.581337996,22.5398617086744,22.5398617086744
2,"002_01",1,2,"single","seqqual","BamScale (compact seqqual)","BamScale","optimized","compact",FALSE,1,1,1,1,1,1,1,1,NA,1,16675372,548.338485717773,2,2,"ok",NA,24.9630000000001,25.53,25.53,26.097,0.801859089865475,0.56699999999995,0.840634199999927,25.2465000000001,25.8135,0.56699999999995,0.031408503324147,653167.724245984,653167.724245984,21.4782015557294,21.4782015557294
4,"004_01",1,4,"single","seqqual","BamScale (compact seqqual)","BamScale","optimized","compact",FALSE,4,4,1,1,1,4,4,4,NA,1,16675372,548.338485717773,2,2,"ok",NA,19.5609999999999,19.878,19.878,20.1950000000002,0.448305699272442,0.317000000000121,0.469984200000179,19.7195,20.0365000000001,0.317000000000121,0.0225528573937238,838885.803400743,838885.803400743,27.5851939691001,27.5851939691001
6,"006_01",1,6,"single","seqqual","BamScale (compact seqqual)","BamScale","optimized","compact",FALSE,12,12,1,1,1,12,12,12,NA,1,16675372,548.338485717773,2,2,"ok",NA,16.5259999999998,17.0984999999999,17.0984999999999,17.671,0.809637264458745,0.572500000000105,0.848788500000155,16.8122499999999,17.38475,0.572500000000105,0.0473513620761323,975253.501769164,975253.501769164,32.0693912166433,32.0693912166433
8,"008_01",1,8,"single","seqqual","BamScale (compact seqqual)","BamScale","optimized","compact",FALSE,24,24,1,1,1,24,24,24,NA,1,16675372,548.338485717773,2,2,"ok",NA,16.249,16.4440000000001,16.4440000000001,16.6390000000001,0.275771644662824,0.19500000000005,0.289107000000074,16.3465,16.5415000000001,0.19500000000005,0.016770350563295,1014070.29919727,1014070.29919727,33.3458091533551,33.3458091533551
10,"010_01",1,10,"single","seqqual","BamScale (compact seqqual)","BamScale","optimized","compact",FALSE,48,48,1,1,1,48,48,48,NA,1,16675372,548.338485717773,2,2,"ok",NA,14.8419999999999,15.0264999999999,15.0264999999999,15.211,0.260922402257936,0.184500000000071,0.273539700000105,14.9342499999999,15.11875,0.184500000000071,0.0173641501519274,1109730.94200247,1109730.94200247,36.4914308533441,36.4914308533441
